No.;komentar
1;Produk sudah diterima dg baik , wanginya bikin santai dan nyaman jg dipake di kulit .  Biasa pakai minyak ini untuk urut dan hasilnya kulit berasa lembab dan Ini udh ke 2.
2;Bagus untuk perawatan kulit apalagi sblm kita luluran jdi agak lembut kulitnya.
3;wanginya enak juga manfaatnya bikin kulit lembut
4;Saya memang sudah menggunakan zaitun sejak dulu dan memang zaitun the best untuk kulit hasil yang cerah
5;Enak ringan diaplikasikan , drpd zaitun lain nya yg cenderung lebih oily .. Ini ringan n cenderung cair jd enak diaplikasikan gak terlalu lengket oily .. Bau nya jg khas zaitun herborist, ada aroma2 jasmine nya jd enegg.
6;Hemm aroma nya wangii , dan saya baru pertama x beli produk ini Mgkin akan saya pakai untuk tumit, siku , dan lengan.
7;Dari dlu suka sekali minyak zaitun herboris .  Krna teksturnya enak di kulit , wanginya elegan jadi gak malu , dan dikulit sangat nyaman.
8;Kalian wajib beli Oil Herborist wangi nya ngga ada yg nyamain .  pasti bikin ketagihan , bisa buat dicampur lulur mandi , SPA dirumahh
9;pake ini buat pengganti balsem atau minyak urut bagi yg gak suka sama baunya , terima kasih seller
10;Minyak ini teksturnya cair banget , cepat meresap dan gak lengket .  wanginya juga enak.  Ada 2 biji mojokeling didalamnya.
11;Ternyata wangi banget, buatku yg ga suka wangi tajam lama2 bikin pusing.  Mungkin beda2 untuk selera orang ya .
12;Minyak zaitun , melembabkan kulit...terumata kaki...kulit - kulit matinya jadi terkelupas...Suka juga dengan aromanya...wangi banget .  Katanya bagus di olesin ke kulit sebelum luluran .  Belum coba sih.
13; Wangi minyak zaitunnya sangat khas .. Cocok untuk pijat & urut
14;meresap Wangi buanget minyak zaitun dr herborist ini .. Maaf ya kak , baru kasih penilaian sekarang , sy lupa sampe minyaknya udh kepake lumayan banyak.
15;Harum banget dan lembut di tangan. Semoga bagus untuk saya jdi nek bisa order lagi .
16;Suka banget dengan minyak zaitun herborist karena wanginya enak , cocok untuk kerok , urut dan pijit Ga lengket dikulit , bikin kulit lembat dan ga kering
17;Aroma menyegarkan dan menghangatkan bisa buat mijet juga, kemasan aman,  harga ramah kantong.
18;Zaitun nya dah sampe , harum awet suka bnget pokoknya
19;Cocok untuk Pijat Refleksi, Wangi Semerbak. Terimakasih
20;Minyak Zaitun Favoritku Dan Udh Pembelian Ke Sekian Kalinya. Ngebantu Banget Pas Lagi Luluran Bikin Kulit Lembut Dan Kerasa Lebih Bersih Lulurannya.
21;Pembelian Kedua, Ini Enak Banget di pake sebelum Lulur Dan Bikin Kulit Lembap Dan Lembut.
22;Pernah Pakai Minyak Zaitun ini, Baunya Harumm Dan Bikin Rileks Kalau dipakai Di Malam Hari. Bisa Melembabkan Kulit di Kakiku yang sempat Kering
23;Ini gak bikin berminyak yang demek gitu, tapi lebih bikin kulit lembab.
24;lembut, nyaman saat dipakai, tidak peran kecewa dengan herborist.
25;enak bgt jadi lembab ,untuk pijat juga enak btw
26;Suka bgtt sma minyak zaitun ini dan wanginya enak.
27;kegunaannya untuk melembabkan kulit dan bisa jg buat pijat , Lihat Lainnya gak ada produk yg bocor..
28;Btw kenapa sih produk2 Herborist wangi - wangi semuaaa ?? Wanginya enak bgt lembut dan menenangkan.
29;Suka banget sama prodak herboris gak tau kenapa sampe nyetok , biasanya aku buat campur lulur , kalo gak buat masker rambut , sebelum mandi aku olesin kerambutku sambil luluran , bagus rambut jadi gak kering dan gak kusut lebih halus.
30;Worth it untuk kulit kering / bisa di gunakan ketika di ruang ber ac karena kulit bener2 kering.
31;eeehh Suka banget sama minyak zaitun dari herborist .  Kalo rutin pake nya bisa mudarin kulit aku ya ada bekas koreng nya , makannya selalu restok Karna emang enak itu❤
32; Mudah menyerap di kulit.  Wanginya benar2 tenang .Enak banget kalo dipijat pake ini. Tambah sayang deh sama suami.
33; Untuk yang gak begitu suka aroma2 zaitun banget , ini oke sih karna udah ada campuran parfum yang soft banget , oke banget pokoknya.
34;Bikin kulit jadi lembab dan ga gampang kering apalagi musim kemarau gini yg bikin kulit gampang pecah + wanginya awet.
35;Minyak zaitunnya wangi bangett , ini recomended banget!!  Herborist emg prodak fav aku sih!!
36;Wangiii banget suka untuk pijiitt2
37;akuu udah pakai kedua kalinya dan bagus banget dong ini bener bener jahitan itu kulit aku kan kering pake ini langsung lembab ilang gitu keringnyaa baguss.
38;semoga cocokk buat bantu kulit kering akuu huhu kalo cocok bakalan order lagi
39;suka banget sama minyak zaitun dari herborist wanginy enak bgt kalau mau tidur suka olesin secukupnya ke badan biar segar pas tidur dan bangun tetep wangi dikit.
40;emang sesuka itu sama minyak zaitun dr herboris ini , suami ak suka bgt kalau d suruh ngurut badan ak pake minyak merk lain ngedumel Mulu wkwkwk
41;Aku berlangganan herborist soalnya suka semua produknya .  Apalagi minyak zaitun sama body scrub nya bisa bikin lembab sukaaaaa
42;Suka sama minyak zaitun ini & membantu merawat kulit tubuh & rambut saya yg kering
43;pembelian kesekian kali , gabisa move on pokoknya dr minyak zaitun ini, cocok bgt dikombinasiin sama body lotion jd makin ngelembabin kulit .
44;Minyaknya wangi harum, cairannya bening putih.
45;Minyak zaitun dapat menurunkan panas untuk anak kecil dan cocok untuk badan luka.
46;Bagus , ga perlu diragukan lagi produk herborist apalagi varian zaitun udah kayak abis dari salon.
47;Selalu suka dengan semua varian herborist .  Wangi nya menurutku khas bali banget , bikin kangen.
48;Pertama kali cobaan ini , saat datang langsung dipakai Awalnya ga suka baunya kek parfume banget , tapi yaaa baguss , keknya bakalan berlangganan deh.
49;Ini cocok banget dipake buat abis mandi apalagi yg kulit kering.
50;Baunya wangi cocok untuk pijat .  Ada bijinya di dalamnya.
51;bakal berlangganan deh beli ini terus... jd penasaran bau2 wangi lainnya...
52;Wah produk ini bener2 wangi .. tekstur lembut dan nyaman bikin relaksasi aromannya.
53;Sudah beli 8 kali y ,, membantu terapis untuk pijat.
54;Selalu jd produk fav aq herborist ini ... Ini aku beli untuk campuran lulur sama buat face masage jg.
55;Wangi bangetttt realIIII asli banget herboristnya mantappppppppppppppppppppppppp
56;wangi dan enak banget buat urut urut di badan apalagi lagi hamil di urut bagian kaki eunnakkk full bgd hehehehe
57;buat pijat urut enak Licin wangi n lembut di kulit , aromaterapi gak bikin pusing.
58;Ini wanginya seriusan enak banget , botolnya juga plastik tebal gitu jadi gak gampang pecah kalau kebanting .  Oke banget deh
59;Pertama kali nyoba minyak zaitun nya udah langsung suka banget sih sama wangi nya Terima kasih.
60;Wanginya harum banget, suka deh!!!  Makasih banyak ya
61;Selalu suka sama minyak zaitun herborist wanginya tahan lama dan tidak membuat iritasi pada kulit.
62;wanginya enak , menenangkan bgt , dipake buat scrub atau luluran enak juga , mantep deh .  terima kasih herborist
63;selalu stok oil ini , untuk pijat dan olesin si doggy , wangi bangeet
64;Produknya bagus bgt buat melembabkan kulit kering , buat rambut jga bagus .
65;Ini untuk ayah saya yg kulitnya kering baunya harum , thanks
66;Kalo dipake langsung tuhh dia enak banget !  Karna cepat menyerap dan tidak lengket !  Terus dia ini manfaatnya banyak banget karna bisa dipake dari ujung kepala sampe ujung kaki + bisa dicampur pake apa aja !  Suka banget!!
67;Minyak zaitun favorit , selalu pakai minyak ini buat pengganti lotion kalo malam .  Minyaknya cepat meresap ke kulit , buat kulit lembut dan halus , aromanya wangi khas herborist .
68;Akhirnya paketku telah tiba.  Dia baunya wangi .  Cocok untuk pijat oksitosin buat ibu menyusui .  Melembabkan juga bisa dicampur handbody .  Terbaik ini mah.
69;Kualitas barang ok dan lembut serta harum .  Cocok juga untuk pijat.
70;ini enakkk bgttt wangi nya juaraa!!!  bakal repurchase lagi wangi ,
71;cocok dipake buat melembabkan kulit yg kering , bagus buat sebelum luluran juga.
72;Wanginya enaakk, sukaa deeh
73;Wanginya enak dan juga gampang dipakee
74;wangi banget dan packing aman, jadi gak pecah dijalan
75;Bisa untuk minyak urut juga Herboristnya baru sampai Buat ngurut enak dipakai Makasih ya
76;Minyak zaitun Bermanfaat untuk melembabkan kulit yg kering .
77;Wangi cair enak semoga bermanfaat dan berfungsi dengan baik , bagus untuk dipakai sebelum luluran.
78;Melembutkan dan menghaluskan tubuh
79;Kemasannya lucu
80; banget bentuk botolnya gemes.
81;Bagus banget kalian wajib beli ya tuhan!!  Rekomended banget si melebihii ekspetasii huhuu sukaa bangett bangettt wangi bgt lagii
82;Baik digunakan sebagai pembap kulit, terutama kulit yang kering atau sangat kering.  Minyak ini akan menutrisi dan merawat elastisitas kulit , membuat kulit lebih lembut dan bercahaya , serta mencegah penuaan dini pada kulit bagus.
83;Semua pasti udah tau kualitasnya , bagus bagus dan baguss
84;Wangi nya enak seger parah , paketnya bagus , untuk size nya mini bisa di bawa ke mana aja anti ribet jika tas mu kecil .  Terima kasih herborist minyak zaitun.
85;minya zaitunnya wangi nya nampolll Enak banget dipake lulurannnnn lembut pokonya wanginya bikin ademm.
86;Pertama kenal minyak herborist kni langsung suka sama wanginya.
87;GILAK SUMPAH WANGINYA ENAK BANGET .  ADEM BANGET HUHUHU. Semoga cocok
88;Wangii makasiii❤️
89;Sudah tidak perlu ragu lagi karena memang hari - hari ku selalu menggunakan produk dari Herborist
90;wangi banget , kaya ada parfumnya Aku belinya yg ukuran 75 ml cocok buat dibwa2 , lucu ukurannya
91;Minyak zaitunnya wangi bunga , gak lengket.
92;hihi makasih bunda / ayah Wangi khas, enak untuk pijat  , tidak lengket dan licin
93;Wangi cocok pijit banget sesuai ekspektasi sih .
94;Cocok untuk digosok2 dengan wangi yg bener bener lembut bgt .  Okey bgt deh..
95;Mantul minyak zaitun mantap , wangi baunya , udah beli 2x
96;Wangi nya gak terlalu nyentrik jadi masih enak di hidung yg sensitif sm aroma nyentrik , lumayan buat kalau di pakai pijat.
97;Melembabkan kulit dan mengangkat kotoran pada kulit .
98;Wanginya enakk.
99;Herborist ga diragukan lagi yakan , minyak zaitun juga banyak fungsinyaaa , trus aku beli pas diskon huhuu , murah banget dan aweet❤
100;Tekstur tidak lengket, merawat kulit yang kering  dan wangi
101;Baru aja dipake buat pijat, langsung semerbak wanginya dan bikin kulit terasa lebih elastis, Ga juga lengket .
102;Suka pakai minyak zaitun..ini pembelian ke 2 minggu2 ini, botol kecil gamoang dibawa travelling.
103;Aku biasa pake minyak zaitun sblm luluran , setelah 2 menit baru di lanjut pake lulurnya, hasilnya akan te maksimal, kulit halus dan wangi.
104;Paling suka sama olive oil nya herboris , wanginya menenangkan dn aku pakai tiap malam buat tumit siku.
105;Wanginya bali bangett, enak di pakai badan terasa lembut Makasihh..
106;Mantap banget dan wangi minyak zaitunnya  Recomended banget.
107;bagus buat sblm luluran atau pijat Wangi dan enak nyaman di hidung
108;Wanginya lembut , efektiv buat di aplikasikan ke kulit .  Bikin lembab dan nyaman
109;Dari dulu suka pakai ini wangi nya juga enak cocok buat pijit .  Terima kasih
110;Lumayan dpt harga 14rb untuk 75ml , buat strectmark bagus bgt .  Ga menghilangkan tp menghambat utk lebih parah.
111;Wangi dan lembut juga tidak lengket di badan .  Sukaaaa banget dech sama wangi dan tekstur nya.. Trimakasih ya
112;Pake ini buat urut sekalian buat malam2 biar anak2 gak di gigit nyamuk ampuh bangettttt... Cuma sehari sampeeeee happy bangetttt
113;Efektif untuk pijat, wanginya lembut, khas minyak zaitun.
114;Harumnya enak banget, aku beli buat melembabkan kulit dan mencegah stretchmark semoga ngaruh.
115;First time aku pake minyak zaitun buat wajah .  Alhamdulillah cocok, ihi. Dan  produknya ini wangi banget , bau melati.
116;Wanginya enak banget , harum, lembut di kulit. Udah beli kesekian sekali ini Suka banget alhamdulillah
117;Produk original  wanginya enak bgt,bikin rileks.  Belum dicoba, semoga cocok
118;murah , wangi zaitun dan melembabkan kulit.
119;Wanginya enak banget bertahan wanginya.. tekstur mudah meresap dan ga lengket. cukup mengurangi kulit yg kering.
120;Selalu suka sm zaitun herborist hehe wanginya enak aja beda gatau kenapa.
121;Wangi nya bisa jadi Aromaterapi banget bikin tambah nyaman pakai nya
122;Efektif banget buat kulit lembab dan wangi.
123;Yeaaayyy akhirnya sampai juga , siapa yang ga tau kalau minyak zaitun itu bagus banget buat kulit , the best lah pokoknya.
124;Minyak nya wangi bangett enak wangi nyaa.
125;Best banget karena aromanya enak banget & bikin. Saat diaplikasikan ke siku sama sekali tidak lengket dan membuat lembab. Harga terjangkau tapi kualitasnya bagus banget. Pokoknya suka banget sama produk ini.Enggak bakalan nyesel beli produk ini .
126;Wangi zaitunnya enaak ga salah milih
127;Direkomendasikan buat yang memiliki kulit kering, atau ingin menambah kelembaban kulit, karena Herborist Minyak zaitun ini kaya akan vitamin E dan antioksidan melembabkan kulit yang kering. Membuat kulit lebih lembut, wangi aroma terapi yang merelaksasi, dengan biji mojokeling untuk menjaga elastis.
128;Wangi, cocok dipake buat melembabkan kulit yg kering, bagus buat sebelum luluran juga.
129;Tekstur oily dan harum puas sekali sesuai pesanan.
130;ini enakkk bgttt wangi nya juaraa!!!  akan membeli kembali lagi.
131;Dari dulu suka sekali herborist minyak zaitun.  Karena teksturnya enak di kulit, wanginya elegan jadi gak malu, dan dikulut sangat nyaman.
132;Wanginya wangiiiiiii banget suka suka suka  Terima kasih.
133;Agak cair dan wangii sekalii.
134;minyak zaitunnya aku suka wangi gitu enak di pakai.
135;Wangi nya enak banget .  Makasih bangeeeeeet
136;Udh jadi kebutuhan wajib ini. Banyak banget manfaatnya.
137;Wanginya suka bangeeet
138;Wangi banget
139;Teksturnyaa lembut ditangan.
140;Belum coba sih semoga bagus yaa , dan juga wangi.
141;Ini mah imut imut menggemaskan, wangi nya harum bangeet meski gak tau kegunaanya tapi suka ja pgeen beli stlah beli sejatuh cintanya ja sama zaitun ini.
142;Wangi nya bikin santai, sukaakkkk
143;Wahh wangi banget minyak nyaaa, gtu wanginya lembut dan ga bikin pusing meskipun wanginya semerbak sekali. Tidak menimbulkan iritasi juga.  Rileks pokoknya
144;Semoga beneran bagus buat kulit jd bisa beli ini terus aja wangi juga minyak nya.
145;Wangi nya dominan melati bgt, aku blm coba sih. Tapi wanginya kuat bgt, ga terlalu baik.
146;wangiiii alamii bgt , nyaman dipakai setiap hari kemasannya yg bagusss.
147;Harumnya membuat kulit rileks dan melembutkan tanpa bikin iritasi.
148;Bagus bgt enak wangi¡¡¡¡¡¡¡¡¡¡¡¡¡¡¡¡¡ bakal beli lagi.
149;Wangi banget!  Enak pokonya recomended.
150;Buat kerokan / urut enak pake ini wangi.
151;Cocok untuk pijat aromanya enak banget.
152;Wanginya harum, tidak menyengat, tidak lengket dikulit, kulit jadi lembut.
153;Wangi dan jugaa haluss dikulit
154;Recomended banget nihh...enak di pakai....
155;Belum tau bagus apa enggak soalnya baru beli,semoga cocok, Terima kasih
156;Enak bgt buat body massage, wangi, lembut.
157;rilekss bangeett dikulitt..
158;Produk nya wangi bangett juga ternyataa, sukaa
159;Bagus bgt, minyak zaitunnya wangi dan aman sampe rumah.
160;Wanginya lembut.. bagus untuk pijat sebelum lulur katanya.
161;Wangi dan cocok dikombinasikan buat luluran
162;Wangii bangett dan sukaaa bangett
163;banyak bangett manfaatnya, makasih
164;Wanginyaa calm dan gk bikinn bosen
165;Cocok dipake buat melembabkan kulit yg kering, bagus buat sebelum luluran juga.
166; Harumnya enak bangett, dan juga lembutt
167; Bisa digunakan buat sebelum luluran
168; Bikin kulit lebih lembutt, sukaaa.
169; Wanginya enaakk bangett, enak di pakai badan terasa lembut....
170; Selalu suka sama minyak zaitun herborist wanginya tahan lama.
171; Wangi dan tidak membuat iritasi pada kulit.
172; Cocok untuk di apply sebelum luluran
173; Sukaa bangett sama produk inii.
174; Wanginya enakk dan tahann bangeet
175; Waah produknya ternyata wangii banget...
176; Lembutt dikulit dan juga gampang dipake.
177; Bisa untuk minyak urut juga,, rilekss
178; Ringan saat diaplikasikan dan wangii
179; Sudah menggunakan minyak ini sejak dulu dan bikin kulit lebih lembut juga.
180; Wanginya bikin santai dan nyaman dipake dikulit.
181; Bisa dipake buat minyak urut juga
182; Bikin kulitt lebih lembab
183; Melembabkan kulit yang sering kering
184; Wanginya kek bau parfume tapi sangat khas
185; Minyaknya wangi harum, cairannya bening
186; Wanginya sangatt meresapp dan juga khas
187; Katanya bagus di olesin ke kulit sebelum luluran, belum coba sih.
188; Melembabkan kulit...terumata kaki, dan kulit - kulit yang terkelupas..
189; di akuu cocok bangett, makasih..
190; Mantull bangett minyaknya
191; Enakk pas dipake gk terlaluu oily
192; Bisa dipakee buat kerokann dan urutt badan
193; Untuk kualitasnya udah gk diragukan lagii, bagus bangett
194; Minyak ini  menutrisi dan merawat elastisitas kulit..
195; Baik digunakan sebagai pelembap kulit, terutama kulit yang kering atau sangat kering.
196; Membuat kulit lebih lembut dan bercahaya, serta mencegah penuaan dini pada kulit bagus.
197; Wanginyaa soft bangettt, sukaaa
198; Cocok banget untuk kulit yang sering kering
199; Wanginyaaa mantapp juaaraaa!!
200; Enak sih.  Suka di pake buat luluran, jadi ada efek cerah ke kulit nya kalo di campur sama lulur
201; Minyak harum, masih mau coba pakai.
202; Wanginya enaakk, mantap
203; Terimakasih minyak zaitun nya sudah sampai Bagus minyak nya wangi Aku suka wangi nya.
204; Minyak yang biasa familiar di kalangan masyarakat indonesia untuk pijat memijat, dengan tekstur yang lembut dan nyaman Ter luv.
205; Udah sering banget nobain minyak zaitun dan kualitas masih tetap sama.
206; baguss, lembut dipakai di tubuh, cocok untuk dipakai ngurut.
207; Gatau belum efeknya gimana karna baru ini pertama pake beda gini mudah2 an cocok di aku soalnya lagi banyak jerawat.
208; Minyaknya sangat membantu mengatasi kulit kering
209; Udah lama pakai minyak zaitun ini dikomboin sama lulur bagus banget ngelembapin.
210; Ter best lah pokoknyaa..
211; Sudah lama pakai produk ini habis beli lagi, bisa dijadikan campuran minyak urut utk pegal2
212; wanginyaa tuh enak bangett, lembutt
213; Sumpah harum bgt Next time bakal order insyaallah selalu berlangganan.
214; Recomended banget, wangi nya enakk, tahan lama, mantapp. Recomended banget, wangi nya enakk, tahan lama, mantapp.
215; Next bakal order lagii, wanginya enak dan bikin kulit lembab
216; saya sudah coba pakai dan bagus banget, ada biji zaitun nya juga di dalam nya.
217; Mudah2an cucok untuk rangkaian perawatan.
218; Buat urut dan pegall2 kalau dirumah juga bisa.
219; Minyaknya bermanfaat banget buat kulit, apalagi kalau diaplikasikan sebelum luluran, bikin kulit lebih lembut.
220; Cocok untuk perawatan kulit.
221; Minyaknya bagus dan sudah bpom heheheh.
222; Bagus pakek banget lah
223; Wanginya suka, bisa melembabkan kulit dan selalu kenyal.
224; Melembabkan area yang kering pada tubuh.
225; Mampu mencerahkan kulit juga kalau dipakai rutin.
226; minyak zaitun herborist bagus banget dimix sama lulur. Bikin badan jadi lembab.
227; Suka aja banyak manfaatnya minyak zaitun ini.
228; Enak juga kalau buat message tubuh.
229; Wanginyaa khas dan tahan lama
230; Suka banget sama wanginya, cocok deh untuk kulit aku walaupun bru pertama pake, mau order utk berikutnya.
231; Kualitasnya udah gk diragukan lagi, best lah
232; Bagus, lembut dikulit suka dengan minyak zaitun ini, habis pasti beli lagi.
233; Bisa digunakan untuk pijat dikulit.
234; Udah lama pake ini dan cocok banget untuk kulitku.
235; Beli kembali lagi karena wanginya enak untuk pijat.. Mantap pokoknya
236; Wangi minyak nya bisa untuk melembabkan kulit semoga cocok dan jadi langganan.
237; Wangi banget, ada bauu melatinyaa..
238; Minyaknya mudah meresap dan gk lengket.
239; Sangat efektif untuk pijat, dan wanginya juga enak.
240; Minyak zaitun nya wangi dan saya suka dengan aromanya untuk dipakai sebagai minyak pijat.
241; Bagus banget untuk pijat dan urut juga untuk pengganti micellar water.
242; WANGINYA ENAK BAT semoga cocok.
243; Lembut banget saat dipake ke tubuh..
244; Ampuh melembabkan kulitku yang kering.
245; Selalu suka sama wangi nya yg lembut banget cocok banget kalau digabungin sama scrub.
246; Di mix dengan luluran mantap bikin kulit lembut
247; Beli ini untuk luluran bagus banget dan untuk membersihkan maskara juga nampol sekali, ga perlu pakai micellar water cukup ini bagus banget pkoknya.
248; Wangi nyaa bikinn nagihh.
249; Suka karna wangi, dan sudah berlangganan beli ini
250; Minyak zaitunnya wangi.
251; Enak di pakai , bisa untuk kulit jadi sehat gitu kulitnya, gak ada kurang samsek.
252; Bikin kulitt lebih lembab.
253; Suka banget sama minyak zaitun selain banyak manfaatnya, aromanya juga wangi.  Mama aku suka pakai minyak ini.  Terima kasih
254; Wangi nya juga enak gak bikin pusing. Sangat baik diaplikasikan ke tangan sebelum luluran.
255; wanginyaa nampoll dan tahan banget
256; Mau coba oil zaitun semoga membantu kulit perut Karena hamil TM 3.
257; Selalu pakai Minyak zaitun ini untuk urut.
258; Wanginya enak, enak , lope lope.  Terima kasih
259; Herboist wanginya enak ga nyengat kyk brand lainnnnnnnn.
260; Enak melembabkan dan menghaluskan juga untuk pijat, wanginya enak, semoga awet dan cocok.
261; Teksturnya lembut agak berminyak tapi langsung menyerap ke kulit tdk lengket.
262; Bagus buat melembutkan kulit yg kasar.
263; Wanginya tenang, untuk penggunaan belum tau lengket apa nggak.
264; Sejauh ini cocok2 aja untuk kulitku.
265; Recomended banget buat dijadiin minyak pijit.
266; Wanginya soft dan gk bikinn pusing.
267; baunya harum bener kalo habis nanti mau beli lagi lah baru pertama kali coba semoga benar² bagus untuk kulit aku.
268; Herborist zaitun, sdh 5thn saya pakai produk ini, karena aromanya seger banget, khas bali banget bikin rilexs dan tenang.
269; Dari dulu slalu pake herborist, Alhamdulillah cocok.
270; Bagus, kualitas bagus.
271; Cocok untuk ngerik dan mijaatt, aromaa wangi.
272; Pas di buka kaget banget wanginya enak.
273; Wangi minyaknya bisa buat ngurut, ukurannya pas, bisa dibawa kemana - mana, harganyapun terjangkau.
274; Suka banget sm minyak zaitunnya herborist, wanginya enak kaya ada jasminenya gitu, kadang dicampur sm body lotion biar makin lembab.
275; Di dalam botol minyak zaitun terdapat 2 buah biji zaitun, aroma wangi,
276; Bagus sih... wangi juga... Semoga cocok di kulit aku maksih..
277; Mantap poll Baru kali ini pesen semoga cocok dan aman buat badan.
278; Bagus sekali untuk melembabkan dan dapat mencerahkan juga.
279; Wanginyaa okeee banget.
280; Cocok untuk pijat enak wanginya dan sangat mudah dibersihkan makasih.
281; Bagus wangi sekali cocok untuk pijat² jika ingin beli guys jangan ragu² bagus cucok deeh.
282; Wangi ga bau sama sekali enak bgt kalo buat pijat muka pake roller trus pake ini, nyaman krna wanginya bikin relax.
283; Bagus untuk kulit yang sering kering.
284; Sangat wangi sekali wanginya seperti zaitun murni yang bagus.
285; Wanginya enak, mudah di pakenya..
286; Dikombinasikan dengan lulus juga pas banget.
287; Wangi bangeet suka deeh.
288; Buat body message enak juga ternyata
289; Wanginyaa gk bikin enek, pas.
290; Bisa juga dipake buat luluran..
291; Tekstur wangi banget minyak zaitunnya..cocok jd parfum juga ...
292; Untuk pijet pas bgt bagi aku wangii hihiii
293; sukaaaa bangetttt terima kasihhh semoga bisa berlangganan teruss
294; Minyak zaitun nya banyak manfaatnya
295; Harum minyak nya seger klo buat pijit2
296; Saya suka sekali
297; Saya pake buat rambut saya, biar lembut dan hitam
298; WANGI nya apalagi enak kalau buat pijat
299; Mantapp banget pokoknyaa
300; Bagus buat urut sesuai yang diharapkan .  Sama dengan di minimarket barangnya ori jga
301; Sy udh lama pake minyak jaetun.pokonya Nex order lg
302; Barang nya sangat ok dan sempurna
303; Bagus minyak zaitunnya wangi banget suka, teksturnya agak cair, dan mudah digunakan untuk menghapus maskara.
304; Ampuh juga buat pijiitt
305; Bagussssss bangetttttt gakkkk nyesell!!!
306; Barang okee.
307; Kualitas sesuai harga
308; Recomended say
309; Bisa dipake buat ngilangin pegal ditubuh
310; Direkomendasikan untuk yang punya kulut kering
311; Dari dulu selalu pakai minyak zaitun ini ..
312; Sudah sampai warna kuning nya semoga cucok meong dan manjalita
313; Suka wangi nya melembabkan bagus untuk tambahan Lulur
314; Produk original, bagus harganya murah, dan kualitas bagus
315; Wangi hehe gudlah buat anak remaja mana murah bagus bagus bagus
316; Buat campuran lulur atau ga sebagai pengganti minyak rambut ini bagus loh
317; Botolnya manis, wangi.  Penjual Kusuka.tksh .
318; Pkoknya best of the best..
319; Barang aman....wanginya ga enak...terimakasih
320; Produk baik
321; Wangi nya enak bgt.... makasiii yaaa
322; bagus khasiatnya.  Bikin kulit lembut
323; Oke banget wanginya enak syukaa sekali okeeee
324; Melembabkan kulit dan banyak manfaatnya.
325; Kualitas sagat baik, produk ori, harga terjangkau,
326; Wanginya enak beud lembut d kulit pokonya sukaaaaaa
327; Barangya bagus
328; Okee banget pokoknyaa
329; Mantaapp polll
330; Produk Sangat Baik. Produk asli. Harga produk Sangat Baik.
331; Enak Bgt Wangi Nya .. Kualitas ok
332; Bagus realpict wanginya juga enak pokoknya the best banget lah
333; Bagus banget, wangi banget, hehehehe
334; Sukaaaa bangetttttt... Barangnya bagussss..
335; Enak banget aromanya untuk yg ke 2 kali oeder.  Nanti klo habis bakal order lg deeh
336; Bermanfaat banget barangnya,
337; Bagus semoga bermanfaat dan ampuh
338; Warna cocok di aku terimakasih
339; produk bagus harga murah
340; minyak zaitun nya wangi ya dan ada ukuran kecil dan murmer juga harga nya.
341; Kualitas produk sangat baik .  Produk asli.  Produk asli.  Harga produk sangat baik .
342; Wanginyaaaaa , beeeh wangi banget serasa jadi tuan putri wkwkwkwk buat lulur enak banget wanginya nyerep ketulang tulang sumsum belakang wkwkwk
343; Selalu top produk herborist ,,
344; wangi nya enak , murah
345; Minyak zaitun wanginya harum
346; Baguss, terimakasihh
347; Sudah d.  Coba dan wangi bangettzzzz .
348; Mantull
349; Pas bangett buat kulitku yang kering
350; Baguussssssssss ssssBaguusssssssss BaguusssssssssBaguussssssssssBaguussssss Baguussssss
351; Aaaaaa suka banget karena murah banget baka beli lagi !!!!!!
352; Bagussss kakkkkkkkkkkkk
353; Bikin kulit lebih keliatan sehat gituu
354; Enak banget dipakee, gak lengket ditangan
355; Wanginya enak ga nyengat dihidung
356; Wanginyaa lebih santaii
357; Gk terlalu oily .. Dan ringan
358; Baunya khas zaitun herborist
359; Enak ringan diaplikasikan..
360; Lucu banget kecil imut pokoknya suka terus wangi lagi
361; Murceeeee
362; Bagussss
363; Bagusssss bagusssss brnggg nya
364; Sesuai keinginan .... wangi minyak zaitun nya ... terima kasih kak
365; pokoke mantaaaaaaaaaaaaaaaaap
366; Minyak dengan sejuta manfaat.  Dengan ukurannya yang kecil jadi bisa dibawa kemana saja
367; Niceee.. Mantapppp
368; Mantap. Cepet check out
369; Wanginyaa nagihhh hihi
370; Semoga membantu perawatan kulit
371; suka banget dari dulu dulu pakai ini , recomended
372; cair mudah menyerapppp seneng bangetttttttt
373; Suka banget
374; Produk baik, kualitas oke
375; Wangi nya enak , alhamdulillah terimakasih
376; Work banget
377; Berkhasiat bangett buat kulitnya yang sering kering
378; Ngebantu ngelembabin kulitku
379; Wanginya soft dan tahan juga
380; Oke banget pokoknyaaaaa.....
381; Produk bagusssss Asli¡¡¡¡¡¡¡¡¡¡¡¡¡¡¡¡¨¨¨¨¨¨¨¨¨¨
382; Wangi banget
383; Rekomendasi bangett nihhh menyarankan inimahh wangii beutt ,
384; Wangi banget ,, sama kayak lulurnya.aman deh semua.
385; Mantul |||||||||||||||||||||||||||||||||  ,.  ... .....
386; ok ok ok
387; Wangi nya enak , kaya herborist minyak atsiri yang kenanga .  Beli 2 sekaligus utk ngelembabin kulit mengurangi risiko stretch mark di perut .
388; Pokoknya mantaappp
389; Produknya bagus.  Sengaja beli yg kecil karena pernah beli yg gede , ga terlalu sering kepake .  Herboristnya enak wanginya
390; Barang sesuai dengan pesananan,, aromanya wangi
391; wanginya enak, jg lembut.
392; barangnya sesuai dengan yg diharapkan.
393; cocok untuk urut atau pijat
394; Saya suka..terimakasih
395; Suka bgt minyak zaitun herborist ini krn wangi dan melembutkan kulit .
396; wanginya enak , baru pertama kali coba semoga cocok ...
397; Baru pertama x order , pesanan baguss dan sukaa
398; Minyak zaitunnya original
399; Cocok untuk kulit dan wajah..
400; Sukak baunya juga enk .
401; Minyak zaitun multifungsi bgt. Wangi Halus lembut di kulit Bagus bnyk kgunaan ya untuk kulit kering ..
402; Biasa untuk rmbut yg rontok bsa berkurang .. buat pijat jg enk
403; produk yang sangat baik terbukti membuat kulit lembab.
404; recomend dech...
405; Wangi okelah mudah2an cocok next time order lagi
406; bagus
407; Bisa digunakan untuk mengobati sendi yg sakit
408; Okee
409; Zaitunnya wangi enak dipakai next order kembali
410; cocok untuk membersihkan make up juga untuk pijat...
411; Aroma nya wangi...
412; Kalau mau Urut paling enak pakai minyak zaitun .  selain wangi.enak di pake
413; Cocok buat perawatan tubuh , apalagi buat ngurut2 .aroma nya GK bikin muel...
414; Baunya enak.
415; Cocok dan aman di kulit , makasih
416; bau nya wangi banget , suka
417; Gk lengket dikulit
418; Wangii baangeet
419; Paling pas kalau dikombinasikan sebelum luluran
420; Wangi aromatik bgt sukaaaa ngga lengket jg dikulit ,
421; wanginya enak buat pijat pas loveeee makasih
422; wangi buah zaitun
423; pokonya mantap
424; bisa di pake rambut juga
425; Cocok Untuk melembabkan kulit
426; Oke semua saya suka kemasannya jga oke ga lengket cocok buat kulit kering
427; Wangi bangett Efektif melembabkan kulit , nyaman banget
428; Suka mantull gaeyyss pokonya
429; Mantapp banngetlah
430; Saya sangat menyukai minyak zaitun, baunya wangi banget
431; Saya sangat menyukai minyak zaitun , baunya wangi banget
432; Baru kali ini sich mau nyoba , Inssa Allah suka krna wangi'y enak
433; Bagus banget pokoknya...
434; yaaa namanya juga minyak zaitun ya , ini tuh memang bagus banget , suka banget , dia ngilangin pecah pecah dikaki , buat bagian yang kapalan kapalan jadi memanas dan kembali ke bentuk semula , apalagi kalo dipake sebelum aplikasiin handbody lotion , beuh udahannya makin lembut tuh kulit.
435; Wangi khas minyak zaitun , tidak menyengat Aku order 10pcs dan semuanya bagus
436; Barangnya bagus fungsinya sesuai bagus banget keren banget pokoknya aku suka
437; Mantappp betullll
438; Kualitas produkk tidak diragukan lagi
439; Sangat banyak manfaat buat tubuh kita
440; Biasa saya pake buat pijit
441; Beli sudah kesekian selamanya , dengan aroma zaitun yg harum dan lembut ...
442; Cepat banget sampainya ,, minyaknya bagus buat urut
443; Perlu untuk semua agak kulit tidak kering .
444; Produk pavorite .... Kecil kecil mudah dibawa kemana mana
445; seperti wangi minyak zaitun biasanya sudah pernah dipakai dan baguss ituu
446; Mantap.
447; Minyak zaitun nya suka,  semoga cocok.
448; Bagus banget minyak zaitun nya kepake segala rupa buat pijit ataupun skincare top banget
449;" Baru pertama kali pake produk "" ini semoga cocok dan ada hasilnya"
450; Herborist minyak zaitun kulit lg kering pakai ini semoga membaik
451; semua produknya gaada yg gagal selalu bikin puas
452; suka sekali sama wanginyaaaa , bener2 nenangin , ampuh juga buat kulit kering , sukaa
453; Kualitas produk sangat baik produk originalIIIIIIIIIIII |
454; wanginya bikin ketagihan
455; Bisa digunakan untuk pijat pijat oke oke oke oke okr okeo
456; Wangi , kemasan juga cantik dan lucu , terbaik
457; bagus banget buat kulitt buat melembabkan
458; Suka banget sama wanginya thanks❤
459; Barang oke,
460; sangat Sukaaaaaaaaaaaaaaaaaaaaaaaaaaaaaaaaaaaaa bangeeeeetttttttttttttttttttttttttt
461; Kualitas bagus , harga murah , mantap bgt
462; Produk original .. kualitas produk sangat baik
463; Wanginya enak dan tanggalnya gak bocor
464; Bagussss
465; Gk lengket.  Bgs buat mnjt..👍🏻👍🏻👍🏻👍🏻
466; Bagus minyaknya juga wangi bgt
467; nyaman dan tidak lengket
468; suka bnget wanginya
469; Suka pake iniiii buat pemijatannn dannnnn kulit biar lembuuuttttttttttttt
470; blom dibuka sih soalnya mo buat urutt
471; Wangi dan cocok buat urut Baguss lucu wadahnya kecil ..
472; mutunya bagus karena emang selalu pakai Pruduk ini
473; Bagus ,, mantap ,, next order lagi ,, makasih
474; saya memakainya buat kalau pakai alkohol ditangan untuk sanitizer bikin tangan kering makanya diakalin dioles minyak zaitun.
475;" Yang pasti wanginya enak banget sih ini .  Kecil "" cabe rawit soal kualitas"
476; Wanginya enak.  Ini awet berbulan2 .
477;minyaknya... Wangii
478; Emang suka pakek ini minyak zaitun...enak wanginya...
479; suka bangett bangeettt
480; Wangiiiiiiiii , baru tahu ada kemasan ekonomisnya .
481; efektif melembapkan
482; Minyak zaitun wangi dan produk asli
483; Semoga bisa memudarkan stretchmark
484; wanginya enak.  Buat dioleskan ke badan sambil pijat2 sedikit bikin kulit ga kering.
485; Suka bgt pake minyak zaitun , wanginya enak .. Next order lagi
486; Botol nya kiyowooo , enak bau nya kaya bunga bunga , siiip deh
487; Buat luluran ada minyak zaitun plus beli scrubnya
488; Bagus suka bngt sama produknya cocok banget di aku pkonya mantap poll❤
489; mantap banget
490; Ternyata botolnya kecil , lumayan buat minyak urut ,
491; Wangi banget , makasih Brg oke ,
492; Bagus sesuai pesanan Harganya Juga murah mantull
493; Wangi nyaa enak kaya bau greentea sama melati
494; Produk baik .  Yg pasti suka banget sama wanginya .
495; Aku gunakan sebagai penghapus make up yg wateroof , biar lebih bersih aja kl dirasa setelah pk micellar masih ada sisa
496; Mantaplah .. murah juga , wangi banget ..
497; Minyak zaitun yg ku suka kulit jadi lembab dan awet ngak kering
498; Produknya okeeeh
499;Dulu beli minyak zaitun herborist warnanya bening tp ini kuning apa kemasan baru ??
500; Aku Sih pakai minyak zaitun buat urut bikin kulit jadi nggak kering aja.dari kecil udah pakai.terima kasih
501; Alhamdulillah bagus dan memang sering pake ini .  Mantap lah
502; bagus, pengiriman cepet, udah cocok juga sama produk ini
503; Belum dicoba tapi udah pasti bagusssss dong
504; Bisa untuk perawatan kulit harian
505; minyaknya zaitunnya harum...
506; Mau coba pertama kali , wanginya enak menurut saya , Tapi blom tau kelembutannya seperti apa
507; semoga aja cocok , soalnya baru pertama kali beli minyak zaitun
508; Bagus buat kulit dan rambut
509; Suka banget,,, original juga.. Pokiknya wangi dan lembut di kulit...
510; good enak wangi
511;oke ya terima kasih !
512; Harus pake minyak zaitun ini deh buat pijat , dan luluran ,
513; kwalitas sangat baik Pokoknya recomended banget deh
514; Dari dulu saya pakai suka sama wanginya gak bikin enek.lembut bikin kulit lembab
515; Efektif buat pijat dan aromanya oke banget
516; Kualitas produk baik , minyak nya wangi .  Terima kasih
517; Produknya bagus, baunya juga sangat wangi dan naman di kulit wajah maupun rambut
518; Harumnyaa segerrr
519; wanginya segar , efektif untuk melembutkan kulit
520; wangi nya juga enak banget suka bangett terima kasih kak
521; Suka banget sama minyak zaitun herborist ini sudah habis 3 botol lumayan bagus ya buat campuran lulur
522; bdari dulu suka pakai minyak zaitun soalnya bikin bulu mata sm alis jdi lebih tebel sedikit demi sedikit atas izin Tuhan jg pstinya woowwkkowkkwkekwks
523; aku biasa pake utk body massage , wanginya enak .  Sama dgn yg biasa aku beli di mall2 .
524; Suka banget sama produknya , kemasan botolnya kecil jd mudah buat dibawa2 .  Produk original , ada buah zaitunnya di dalam botol , pokoknya suka .
525; Wanginya kaya agak bau bau bunga apa gitu ya tp semoga bagus aja dipakenya makasih
526; Wangi produk ori.
527; Minyak zaitunnya wangi , ini udah mau habis aku pakai terus
528; Baru prtma bli merk ni mdh2n enak d pake wangi dan sesuai hrpan
529; The best wanginyaaa
530;minyak zaitunnya enaken lembut wangi gitu
531; wangi banget.  Terimakasih Bagus banget makasih ya seller next order lagi ,
532; Wanginya khas herborist bangeeeet pokonya suka lah sama minyaknya
533; Terimakasih saya suka minyak zaitun yang wangi iii .... Semoga berkah .....
534; wanginya enak soft
535; Herbosris ini cocok untuk kulit badan Agar tidak lembab .
536; Kata anak twitter bagus buat luluran jadi mau coba .  Doain semoga kulitku nda belang lagi
537; Baru tau kalo minyak zaitun wangi gini wkwkw....
538; Ada wangi wangi bunga gituuu
539; Fresshh wanginyaa sukaa
540; melembabkan, aku pake ini buat urut, atau campur scrub
541; Lumayan buat mijit kaki sang mamah , sangat membantu sekali
542; bagus , wangi dan praktis buat travel Sukses terus ya
543; Baru mau coba semoga cocok untuk kulit bayi .
544; Wangiiii bangeet
545; Pas untuk perawatan kulut kering
546; Wanginya ahhh mantap👍🏻👍🏻❤️
547; Wehh tapi enak si wanginya best tapi masih asing
548; semoga bikin kulit lembab ,
549; Semoga cocok dikulitkuu huhuhu
550; Bagus buat kulit kering dan untuk pijat
551; Wanginya enak banget
552; Mantap
553; minyak nya harum enak bgt wangi nya murah jugaaa paling worth it
554; Baguss bangett untuk kulit bisa melembabkan dan menghaluskan
555; Wanginya enak,
556; Soft aku suka
557; Ajiiib , wangiiiii , recomended lah ,
558; Minyak yang sangat berguna untuk kulit kering , kualitasnya bagus ,
559; bisa dipake buat urut badan yang pegel2
560; Dari dulu emg suka sama herborist zaitun ini .  Dah gitu ini muraaaah bangett
561; Lembut dan halus bwt kulit yg kering
562; Suka wanginya...melembabkan...recomended pokoknya mah hehehe
563; Semoga bagus yaa hasilnya karna banyak banget manfaatnya , terima kasih
564; Enak Buat Di Pake d'Pijit .
565; Gk lengket dikulit ..
566; recomended pokoknya mah
567; Bagus buat angkat daki sblm luluran nih
568; Kualitas produk sangat baik
569; Cocok buat ngurut badan gak lengket dipake nya wangi nya juga enak lembut
570; Bagus digunakan untuk pijat dan membuat kulit lembap
571; membuat kulit lembut
572; wanginya wangi zaitun
573; Suka banget sama produknya ,
574; wangi nya ok ..
575; lembut enak dipake
576; enak dipake sebelum luluran
577; Kualitas produk baik ,
578; baunya enak harum dn pas dipakek lembut
579; Cocok banget buat pijat dan luluran di rumah
580; Recomended juga minyak zaitun nya Terimakasih kakak........
581; Sangat bagus,,,trimakasih selalu
582; Original dan wangi lembut
583; wanginya kalem bangett
584; Aku gunakan ini saat kulit lagi kering atau buat mijit hehe
585; Ini enak bgt dipke di tumit kaki dan bagian2 kring lainnya .  Terima kasih ya penjual
586; Bgs buat mjit dan g lengket .. Wangi lagi , Mksh y kak Sllu enaklah aroma minyak zaitun herborist .
587; Manatap pokonya coba peroduk ini memuaskan banget
588; Gemess bangettt dan wangi juga Gemess bangettt dan wangi juga
589; Kerenn wanginya
590; Ngkkkk kecewaaa rekomendasi pokoknya
591; Kecil tapi ngk papa sesuai harga.enak wanginya
592; tahan lama wanginya Terimakasih
593; Minyaknya wangi bagus di pake untuk pijat badan terima kasih sangat berguna
594; Barang Sudah sampai, Bagus Bagus Bagus
595; Semoga ngaruh di wajah .
596; direkomendasikan deh pokoknya
597; Blm aku coba , tp wanginya enak bngt
598; wanginya bikin nagihh
599; Mantapp betulll
600;good
601;  Nice
602;  Ok
603;Bagus
604; Wangi bgttt
605; baunya gk nyengat
606; baik
607; wangi
608; biasa pake buat luluran
609; bikin kulit lebih lembab
610; Minyak Zaitun khasiat dan manfaatnya baik untuk apa saja
611; ga nyangka si bakalan sewangi ini,, sukaaaa,, dan semoga efektif ya
612; Wanginya enak bgt, Harganya juga murah , sangat recomended
613; Gk lengket setelahnya dan wangi
614; Wangi khas zaitun herborist
615; Pake ini kalau pijat enak jadi setelahnya gabau minyak dan ga lengket kemana² pas dipake
616; Wangi , enak lagi dipake manfaatnya okey
617; wangi, lembab , harganya juga terjangkau
618; Udah suka dari dlu dengan herborist zaitun ,
619; mantap
620; Biasanya memang menggunakan ini untuk lulur dan selalu bagus hasilnya ..
621; buat ngurut
622; Aku suka bangettt ga lengket , wangi lagi
623; Untuk bagian kulit yang kering
624; Enak wangi nya ga yang lengket bgt gtuu
625; Suka pakai produk ini , cocok di kulit jadi lembut dan lumayan kualitasnya suka sekali
626; kualitas produk ok bnget
627; wanginya harum
628; wanginya enak
629; wanginya enak, harum, lembut untuk tangan kaki.
630; Bisa digunakan utk rambut , kulit .  dən nguruttt badan .. suka lah dengannn minyak ini
631; Dari dulu emang udah suka Minyak zaitun dari herborist sih krna memang seenak itu wanginya
632; wanginya soft
633; enak banget bangt
634; Herborist minyak zaitun wanginya enak bgttt , lembut dan ga nyegat .  minyak zaitun nya
635; wangiii bgt buset gabisa blg lg gmn wanginya pas pake ini ,
636; wanginya seger
637; Cocok Untuk melembabkan tekstur kulit y dan relaksasi saat pijat
638; Minyak zaitun SUDAH habis 4 botol .. khasiatnya bagus banget buat badan pegelpegel , buat urut buat kerokan semuanya bisa ...
639; ampuh buat kulit kering
640; Wanginya Khas , seger
641; Sejujurnya suka banget Wangi jugaa enak dehh
642; Cukup efektif jika dipakai secara teratur
643; Bagusss bagus bagus sangat bagus
644; Beli minyak zaitun buat tambahin di body scrub hehehe harganya muraah bangeet.
645; Selalu pakai ini buat pijat.
646; sangat wangi
647; Produknya bagus..!!
648; Jatuh cinta sama produk ini wanginya enak banget dan asli banget ,
649; Sumpah ini wangi banget recomended juga harganya worth it banget sukaaaaa
650; suka wanginya enak
651; wanginya enak bangt😍
652; Pake ini kalau pijat enak, jadi setelahnya gk bau minyak dan gk lengket kmana2
653; aku suka gk lengket dan wangi lagi
654; enak wanginya gk yang lengket banget gtu
655; Bagus untuk luluran....
656; bisa buat rambut, kulit dan badan
657; wangi bgt bgt bgt
658; harum
659; nice goood is very good
660; Yuklah dibeli buat mutihin kulit
661; bagus, wanginya kalem
662; Baru pake merk herborist , lebih wangiiii ternyata dari merk lain menurutku ( sesuai selera masing2 ya ) , buat campuran lulur bikin kulit lembaap
663; Untuk kualitas merk ini siy gak usah diragukan lagi
664; wanginya lembut dan tahan lama
665; Bagus banget dengan budget segitu yuhu , terima kasih
666; Harga yg cukup terjangkau, tidak lengket saat diaplikasikan, dan tidak menimbulkan rasa panas setelah dipakai.  Aromanya yang harum tapi tidak menyengat dan mengganggu
667; Minyak Zaitun khasiat dan manfaatnya baik untuk apa saja ga nyangka si bakalan ini,, sukaaaa,, dan semoga efektif ya
668; Wanginya enak , suka banget di pake buat kulit ,
669; lumayan buat urut
670; Dah sering order dan lumayan agak murah karna sering ngurut , jadi dah bersahabat
671; Suka banget sama minyak zaitun ini... wangi na enak... Alhamdulillah
672; Pokonya lembut enak di gunakan
673; Minyak nya wangi , wangi nya enak , tekstur nya cair , bagus deh pokoknya dengan harga segitu
674; wanginya enak kayak wangi bunga campur teh
675; Wanginya enak.
676; Pertama kali beli, baunya kayak minyak angin.  semoga cocok di aku.
677; Wangiiiiiii dapat lagi promo lagi pokoknya sukaaaaa dah , wadahnya imut lagi
678; Dan bagus juga buat muka dijadiin pembersih make up
679; mantullllll
680; bagus saya suka dan juga murah heheheh makasih ya semoga langanan
681; produk original..dan wangi nya buat rilex bgt .. suka buat pijat
682; Wangiii ga lengket
683; Bisa membuat kulit jadi lembut
684; wangi aromaterapi bgt
685; Bagus untuk melembabkan kulit kering atau untuk penggunaan lulur
686; TTOOOOOPPPPPPPPP
687; Layak untuk dibeli
688; oke banget sich
689; Enak di kulit , wanginya segar dan tahan lama
690; Sudah pakai minyak zaitun ini dari smp krna wangi dan banyak khasiatnya
691; Suka sama wanginya enak seger ky luluran
692; sangaaatt wangiiiiiiii
693; Wanginya enak banget.  Ku kira aroma parfum
694; Wanginya sanggaaaatt harruummmm
695; suka banget dengan wanginya sangat suka
696;" baru coba si , jadi kurang tau .  gemoy banget cimit"" gitu wkwk"
697; Belum dipake, sudah selesai di unboxing.  Semoga cocok dan berefek setelah digunakan.
698; sejauh ini oke banget
699; Semoga cocok dan bagus...
700; Minyak zaitun nyaaa akuuuu sukaaaa , wangi nya juga lumayan enakkk ga terlalu nyengat
701; Lebih wangi dari minyak zaitun merk yg biasa saya pakai .. semoga tidak mengecewakan .  Semoga jg minimal kualitasnya sama kaya yg biasa saya pakai .. aamiin
702; kualitas produk baik.
703; bagus, barang bagus, harga murah bagus
704; Wanginya enak bikin lembut di kulit
705;" Mau coba pakai lulur dicampur minyak zaitun "" racun tiktok"
706; Mantapp
707; Bagus bau zaitunnya
708; wangi aromaterapiii
709; Baiikkkkk .. terima kasih ............
710; Suka banget dengan minyak zaitunnya wangiiii..blm tau cocok ap GK dirambut
711; Bagus buat muka bisa bikin cerah
712; Baru nyoba semoga cocok
713; Produk sangat bagus ,
714; Bagus banget pokoknya murah
715; wanginya enaakkk
716; mudah menyerap
717; Baunya enak sih ku suka , ya bagus untuk melembabkan kulit
718; Bagussss.  Melembabkan kulit .  Wanginya juga enak.
719; lembuttt bgt
720; Bagus banget yah yuk bli d sni biar samaan bagus loh yahh ekwkwkkwkwkwkwk
721; Plisss ini direkomendasikan bgt , nyesel baru tahu produk yg enak ini .  Nanti kalo abis aku beli lagi deh disini .  Sejujurnya ini wangi bangettt , bagus juga buat kulit kering kaya siku , tumit dll .  Harganya terjangkau
722; Lucu banget mini gitu hihi .  Kecanduan sama wanginya minyak zaitun jdi cocok buat di bawa kmna2
723; wangi banget Semoga Bermanfaat , belum di pake tapi mau nanti
724; Minyaknya wangi , engga kaya bau minyak zaitun pada umumnya .  Teksturnya agak berbeda sih sama minyak zaitun yang beli di apotek .  Minyak ini kaya lebih cair dan cepat meresap.  Sebenarnya kurang cocok untuk pijit padahal diketerangannya ada untuk pijit .  Tapi gapapa, semoga bermanfaat.  Terimaksih
725; Cepatt serraap
726; Minyak zaitunnya bagus banget , aromanya wangi jadi nyaman banget pakai minyaknya , top pokoknya baunya bagus dicium Bagus
727; Kualitas Produk Baguss
728; Mini mini mini mini .... Herborist minyak zaitunnya Gemooooy lah , tankyou seller
729; baguusssss
730; Wanginya harum bgt ,
731; sesuai pesanan enak bangat wanginyaaa sukaaaaa bangetttt
732; baunya bagus dicium..
733; Top pokoknyaa
734; Karna suka minyak zaitun jdi pengen coba
735; minyaknya lengket
736; wangiiii bgtttt
737; Ini berguna banget sepanjang masa .  Apalagi dicampur sama lulur
738; Klau ini bau nya emg agak lebih nyengat dan si musrat itu yah krn ada parfume nya .  Ksh bintang 4 dl karena br pertama pakai produk ini .  Makasih
739; Melembabkan kulit, untuk terapi juga bisa
740;" kulit Bener "" bagus buat campuran scrub bikin halus"
741; Wangi harum sekali aku suka Harga murah
742; Bagusss sukakk makasiii ,
743; Wangi...udh terima kasih..........
744; cocok untuk pijat dan kulit kering
745; sangat efektif membuat kulit yang kering jadi lembab
746; minyak zaitunnya wangi kalem dan seger dan juga wanginya awett
747; Tekstur cair tapi melembabkan
748; Soo kyut, suka bgtt bgtt.
749; Bagus Biasa aku pake buat wajah
750; Kualitas produk baik , dan harga rekomendasi bgt ..
751; Baru pertama x coba pesen minyak zaitun herborist ... Wanginya enak ... Smoga produknya bagus n Cocok
752; Suka baunya sih enakkk harum enyoy bikin lembab kulit Maaciw seller
753; wanginya lumayan enak, gk terlalu nyengat
754; Suka baunyaa
755; Belom dipake , ntar tak testi lagi kalo udh di pake produk nya original sukaaa dehhh pokoknyaaa
756; kualitas baik , minyak zaitun herborist mantap .  cocok untuk menghilangkan tekstur kasar dikulit
757; Mntepp
758; tahan lama wanginya
759; Sedep bangett wanginya
760; cocok untuk pijat buat kulit yang kering dan campuran untuk luluran
761; wangi enak
762; Worth it dengan harga segitu , wangi ny juga enakkk , bagus buat dipakai sebelum lulur an cepat ,
763; lembut
764; Wangi bunga
765; baru pertama pake, penasaran aja.  wanginya enak.moga manfaatnya .
766; wanginya khas zaitun hehehe yaa lahh namanya juga minyak zaitun wkkwkw tapi bener wangi Minii bgt ternyata haha ​​ga pa2 pengen dicoba dulu lengket apa ga
767; seperti oil pada umumnya
768; suka banget wanginya makasih
769; bagus banget buat menyerahkan si di aku.  aku campur sama handbody gitu .
770; Beli inii buat jaga2 aja siapa tau butuh minyak zaitun karena manfaat minyak zaitun banyak banget untuk kulit dan kecantikan
771; Wanginya bikin tenang
772; Mantap lah saya suka dengan kemasannya yang lucu
773; Mudah menyeraap
774; Mudah2 an mujarab,, blm di coba & di pake , kalau cocok ntar kita order lagi... Ok
775; Buat campuran scrub, atau pengganti lotion.  Melembapkan kulit
776; bagus bgt ngelembapin kulit
777; Suka sama harumnya
778; Wanginya enak banget dan bagus banget digunakan buat campuran scrub dan untuk penggunaan sehari-hari
779; kualitaas produk oke
780;" minyak zaitun tapi wangi melati , suka biasanya kan kalo minyak "" gtu baunya kek bude "" gtu loh , tapi ini beda , bener "" paling beda dr yg lain..."
781; Wangi untuk melembabkan kulit , produk original harga produk baik
782; wangi khas
783; pokoknya Harum , jdi enak utk dipakai urut .  Bagus juga untuk kulit kita .
784; Lumayan buat pijat , harganya Murmer
785; Baru mo nyoba merk ini , smoga cocok , biasanya pk buat urut , teruma kasih
786; enak banget dari wanginya
787; untuk urut dan bersihin kotoran daki2
788; Lucu bgt wadah kecilnya Harga nya juga bersahabat .. Produk bagus , kualitas bagus , suka dengan minyak ini .
789; Biasanya pakai minyak zaitun yg satunya karena di toko ini ga ada yaa coba pake herboris baru pertama kali beli
790; sangat wangi
791; baunya sangat wangi , teksturnya lembut , kalo pke minyak ini ke rambut bisa tahan 2/3 jam terus rambut jdi bagus gak lepek
792; Kualitas produk sangat baik,, wangi banget,,
793; Selalu suka sama rangkaian herborist zaitun , wanginya bikin rileks
794; wanginya enak👍🏻👍🏻👍🏻👍🏻👍🏻
795; Bagus banget , wangi nya bikin candu ♥
796; hrga produk sangat terjangkau
797; produk sesuai pesanan
798; Kualitas produk baik
799; Wanginya ringan tidak menyengat baik digunakan untuk pijit dan melembabkan kulit
800; wanginya enak tidak terlalu menyengat
801; Wanginya ringan tidak menyengat baik digunakan untuk pijit dan melembabkan kulit
802; Maaf baru kasih ulasan , minyaknya bagus , wangi , kemasannya juga rapi
803; lucu di dalamnya ada 2 biji zaitun mungkin ( ? ) , Katanya MINYAK ZAITUN HERBORIST TERDAPAT 1001 MANFAAT , jdi penasaran mau nyoba utk campuran lulur nya , makasihh kaka
804; Wangiiii dan bermanfaat untuk kulit , bagussss ,
805; buat pijat bisa buat perut ibu hamil bisa
806; Sesuai pesanan merk ini baru nyoba semoga cocok aku mah buat perut soalnya lagi
807; minyak zaitun ini biasa aku pakein ke kulit yg kering , besoknya udah jadi lembab dan ga kering lagi
808; berkualitas yah guys..sumpah kerennn bngettt rambut rontokku berkurang..dan juga harga sangat2 ​​murah yahhhhh
809; Multifungsi recomended banget cocok buat di pake di muka berjerawat malem pake ini paginya jerawat pada minggat noda hitam bekas jerawat aja memudar dong sumpah demi apa bagus banget
810; sangat cocok untuk urut dan mengerok badan
811; Bagus banget minyak zaitunya manfaatnya juga banyak banget serbaguna juga dan kemas juga lucu abisss suka pokonya .
812; Minyak zaitun ini sangat bagus dipakai untuk urut , pesan maupun ngerok.
813; Bagus banget minyak zaitunnya, manfaatnya juga banyak, serbaguna juga dna kemasannya juga lucu
814; suka sama produknya ngebantu banget kulit yg kering wanginya enak
815; Minyak zaitun sngat berguna skli maksih
816; Yug nk pesan pelembab wajah dak lagi promo 20rb sudah bpom halal no alkohol Mencerahkan wajah Menutup pori2 Menghilangkan bekas jerawat
817; Kualitas produk sangat baik
818; Bagus untuk pemakaian pertama , langsung ada hasil nya , kulit yang kering jadi lembut , masyaa alloh .
819; Wanginya sy suka , wangi khas minyak zaitun dan wangi lainnya .  Biasa kami pakai utk minyak urut dan luluran
820; Saya pake ini sejak dedek bayi umur 3 bulan sampai sekarang dedek udah umur 7 bulan ... Minyak zaitun sangat banyak manfaatnya terutama untuk kulit bayi
821; bagus untuk mengurangi iritasi kulit
822; wanginya harum , banyak yg rekomendasiin ini buat dipake sebelum lulur
823; Bagus aku suka
824; lembut tdk lengket
825; minyak zaitunnya wanginya lembut gak nyengat , kadaluarsanya juga masih lamaa , semoga bermanfaat + cocok buat aku , makasiihh kaaakk
826; Baunya wangi bangeett .. kya aroma terapi , minyak tapi bukan kya minyak , jdi enak di aplikasikan ke kulit
827; Kegunaan buat angkat make up biar semua luntur baru pakai scrub wash dan lanjut pake facial wash .  Bersiihh hasilnya .  Krn aku bul penggemar air misel
828; kualitas oke saya sdh sering pakai
829; Kualitas produk sangat baik
830; Herborist minyak zaitun serbaguna bgt ini , wanginya enak tp harga terjangkau .
831; efektif buat penggunaan di kulit kering.
832; Bagus makasih next ksni lg mantul top bgt cocok buat anak2 hangat t cocokk laris manis tx matursuwun
833; Sesuai yg saya inginkan
834; Mantap super
835; Mantap jiwa
836; Okeeee....
837; Alhamdulillah barangnya sdh sy trima ,, Dan sangat sesuai sekali ,, Jozzz pokoknya
838; Wanginya enak.  Cocok untuk melembabkan kulit.
839; Usia remaja sampai lansia cocok menggunakan minyak zaitun
840; enak dipakai untuk pijat tubuh
841; Melembabkan saat kulit kering ,
842; wanginya soft dan tidak lengket
843; kereenn wanginya
844; bestt wanginya
845; sangat berguna sekali buat kulitku
846; pas banget dipake bareng lulur
847; mantap bgtttttttt
848; cocok dipake buat siapa saja,
849; bisa digunain buat pijit dan juga ngebantu lembapin kulit yang suka kering
850; Bagus baguusss bagus banget nih produknya .
851; Aromanya harum ... jadi suka banget ..
852; cocok untuk pijet
853; menghaluskan kulit , untuk pijat urut
854; bau nya wangi
855; tidak lengket di tangan
856; Berfungsi dengan sangat baik .  Sangat bagus.
857; kualitas bagus makasih kak
858; Worth to buy Bagus.  Wanginya enak
859; Suka banget sama produknya Cocok .
860; Harum , mudah nyerap di badan original kualitasnya
861; Sangat bagus lembut di kulit
862; Kualitas bagus
863; Kualitas produk baik
864; Aku suka wanginya.
865; Baunya harum ... Enak buat pijat ... Kayaknya bakal beli lagi ...
866; Baunya harum tidak lengket di kulit
867; Cocok banget untuk kelembutan rambut cocok untuk semua badan sih
868; bagus bngt
869; goooodd
870; wanginya enak banget
871; Produknya original , bagus
872; Suka karena wangi .  Lembab banget.  Sering ditaruh di bagian  yang kering banget .
873; Loveeee
874; bisa ngilangin flek2 hitam diseluruh tubuuhh
875; Harum sesuai ekspektasi Minyak zaitun ini langganan bgt dari sebelum punya anak sampe skrg ,
876; Pingin beli lagiiii saya
877; Good job👍🏻
878; Gooooooddddddd Terima kasih kakak , semoga memuaskan
879; Wangi lembut.  Khas herbo.
880; melembabkan
881; Wangi n bisa buat rambut juga ..... sukaaaaaa .....
882; Rekomended
883; segar dipakai, aman wanginya
884; wangi sekalii
885; Produk ini sangat laris di kalangan masyarakat krna bnyak yg cocok memakai produk ini ...
886; Wanginya sama kaya beli di officiall
887; Sangat bagus di gunakan di kulit dan membuat kulit tidak kering .  Kualitas produk baik, dan original.
888; Karena produk herborist sangatlah cocok untuk segala jenis kulit tubuh mudah mudahan bagus Bagus , original ,
889; sangat cocok untuk memanjakan kulit
890; cocok untuk pijet hehehe
891; Wangi minyak zaitunnya enaa pol , murah meriah
892; Bagus bagus bagus , Harga murce banget loh
893; Bagus murmer dan cepat sampai baguslah mantap pertahankan kualitas yaa kak trimakasih
894; tahan sampai 1 harian
895; baunya uenakkkkk bangettt huarummm sukakkkk
896; Suka bnget minyak zaitun herborist wangi nya enk .
897; melembab kan dan mencerahkan
898; pokonya wanginya sedapppp tahan lama juga suka bgt
899; nex order lg
900; Herborist gapernah salah sih .  Kualitasnya jelas oke.
901; untuk menghaluskan dan melembutkan kulit dan untuk pijat jg
902; Produk nya bagus
903; membuat kulit lebih halus ,, bau nya enak bnget ,, nanti klo habis next order ,,
904; suka banget.... Warna Nya sesuai..bahannya enak adem ga gerah .. Dengan harga segitu worth to buy sih...
905; Baik untuk si kecil ku , ketika demam panas saya kasih minyak zaitun ini dan Alhamdulillah ketika lap2 bagian yang panas , Alhamdulillah panas nya turun selain itu banyak manfaat lainnya i like this zaitun
906; mencerahkannn
907; Minyak zaitunnya lembut dan harum.  Cepat meresap ke kulit.  Melembabkan kulit , cocok untuk pijat .  Harumnya segar .
908; wangi sekali , saya suka
909; barangnya bagus , kualitas baik ,
910; bagus sekali , sangat keren , rekomen banget pokoknya ,
911; Cocok untuk pijat , harum murah terima kasih👍🏻👍🏻👍🏻👍🏻👍🏻
912; baguss bagussssss
913; Alhamdulillah mintak zaitunya harum ada biji zaitunya juga didalamnya
914; Baru nyoba minyak nya herborist , semoga aja cocok buat campuran lulurann
915; tenks ga nyesel beli , bagus polIIIIII
916; wangi banget , selalu suka sama produk ini , besok beli lagi klo habis ,
917; wanginya enak seger gituu
918; Baunya enak melembabkan sekali buat kulit kering ,, bisa juga buat minyak urut
919; Mantul pokoknya
920; Mantab , Wanginya enak bgt... Buat pijit baunya bikin refresh
921; Oriii Lembut Wangi .. direkomendasikan ..
922; Harum banget
923; Mantap👍🏻👍🏻👍🏻👍🏻👍🏻
924; Bagus benerrr Sukak bangettttt
925; Sudah sering beli di toko ini , ini papan herborist utk yg kesekian kali .
926; bagus mantaaap
927; Beli minyak zaitun herborist karena pengen nyoba aja
928; Wangi wangi khas herborist , enak buat pijat + bersihkan make up
929; Cocok Untuk Kulit tangan , kaki dan badan
930; Direkomendasikan.  Wangi.  Lembut .. enak ..
931; Sudah dipakai pijat .. wanginya enak ..
932; Bagus buat kulit kering juga ini biar kulit jadi lembab dan gak bersisik Mkaasi kak ,
933; Udah lama pake ini wanginya g bikin pusing d kepala dan bisa juga di campur k masker
934; Selalu pakai tiap selesai mandi
935; Wanginya saya suka , buat pijat enak banget nyaman banget oh
936; Sangat pengaruh sih , buat pijat2 badan anak dll , supaya gak bau apek dibagian mangkanya pake minyak ini .
937; Untuk minyak urut lebih praktis
938; Barang bagus dan menarik deh suka deh pokoknya
939; enak banget wanginyaa tuh
940; Semoga cocok sm kulit aku biar bisa langgangan
941; Enak gak lengket di kulit , cepat meresap di kulit .  Terima kasih penjual.  direkomendasikan .  ^^
942; enak banget sii ini harganya murahh banget sukaa
943; Aku pakai ini di malam hari pagi nya manteb banget di muka..jd bersih
944; Efektif untuk membersihkan dan pijat
945; Kualitas produk sangat baik
946; Baguuuuuus ...
947; Minyak zaitun multifungsi yang memiliki aroma terapi yang super nikmat , menenangkan dan bermanfaat untuk segala masalah kulit , kulit kering , pecah , jerawat , luka , pemijatan .
948; Minyak yg kudu wajib ada di rumah .  Untuk pijat2 oke .
949; Tidak lengket, cocok untuk kulit saya, terima kasih kak
950; wangi sih , tapi setelah dicampur pakai lulur , bau kamar mandi jadi gak enak bangettt
951; Alhamdulillah sukak sama minyak ini mantap
952; wangi bangeet
953; Minyak pijat ori herborist Udah langganan .  Direkomendasikan.
954; Cocok Untuk kulit agar lembab , untuk pijat .
955; Wangi bau nya bikin betah maskeran melembabkan dan enak buat pijat dan relax
956; Pertama kali coba ternyata wangii bngt kek minyak orang aring + baby oil ,,,
957; Suka banget baru nyoba pertama ini aroma baunya wangi awet bangettt
958; Wanginya lembut
959; Kualitas produk baik , produk original , harga produk baik .
960; Maaf ya kak baru kasih nilai sekarang , baunya wangi.pokoknya aq suka
961; Baru pertama nyoba .. semoga cocok aja dengan produk nya
962; Suka sama harumnya memang biasa pake tapi baru pertama pesen dsni..mksh ya
963; Wanginya enak banget,
964; Aroma wangi  khas dan tahan lama
965; Cocok untuk semua jenis kulit terutama kulit yang cenderung kering
966; enak dikulit bisa menghilangkan bekas luka ataupun goresan dikulit
967; Baunya Harum....enak....Nenangin banget...
968; wangi ny jg enak sukaaa bangeet deh
969; rekomended pokoknya
970; enak buat urutan minyaknya
971; Wangi dan lembut minyaknya ..
972; Harumnya khas kesukaan
973; texturnya cair agak kental
974; enak dipakai ( gatau sih , yang pake ceweku . aku ga pake sih bodoamat , pokoknya dia puas ya aku kasih bintang 5 ) oke sekian dan makasi .
975; Harga oke.  Layak untuk dibeli sih ini minyak zaitun krna bisa digunakan bersama handbody , scrub lulur .  Bener2 melembutkan kulit banget .  Kulit auto plumpy
976; minyak zaitun favorit dan emg recomended banget buat kulit kering harganya pun murah
977; Suka bangt dengan mintyak zaitun herboris dr dulu sy sdh pakai , akhir banyk juga yg pakai , wangix ndak menusuk , harga sangt baik ,
978; sukak banget sama zaitun herborist baunya wangi banget biasanya sih tak pake kalo mau tidur sama pas mau pergi² biar kulit ndak kering
979; wanginya soft
980; baik untuk urut dan segala untuk rambut
981; Sangat wangi sekali wanginya seperti zaitun murni yang bagus
982; Terima kasih produk sudah sampai..semoga bermanfaat ,
983; baunya harum ,,
984; Wanginya enak, mudah di pakenya..
985; Harga murce , udah sering pake minyak zaitun .
986; Barangnya bagus👍🏻
987; Barang datang dalam kondisi aman , tapi belum dicoba karena belum pernah coba , ini direkomendasikan oleh ART saya katanya enak utk pijat
988; Wangi bgt suka deh
989; minyakn herborist wangi yang saya suka .
990; Belum dicoba semoga cocok, bagusss
991; Melembabkan kulit bisa untuk rambut dan wajah juga
992; Ngga nyesel pokoknya habis ini mau co lagi
993; wanginya enak dan tidak lengket
994; Mau nyobain pake ini dibarengin sm scrub semogaa bisa mencerahkan
995; Minyak nya wangi cocok buat urut kulit juga jadi wangi
996; Bagus ini ya kan makanya itu dipake nya minyak nya jadi enak pas gitu
997; Suka sama minyak zaitunnya , bisa digunain buat apa aja Harga juga murah
998; + ada wanginya enak banget plissss
999; Baik
1000; Minyak zaitun nya jga bisa buat menghilangkan bau keti guys , walau dibilangnyaa buat mijet hehehe .
1001; Minyak zaitun yang sangat bermanfaat sangat bagus untuk kulit
1002; Wanginya enak kalo menurut ku heheh
1003; Barang oke,, lembut,,,
1004; Mantul bngt langganan pakai minyak zaitun herborist ini the best
1005; bagussss, mantab, is the best
1006; wanginya suka , baru pertama nih pake minyak zaitun herborist semoga gak iritasi di kulit , agak lengket bila berkeringat hehe
